customer_number,gender,movies_watched,total_spent,avg_spent,ever_bought_alcohol,spent_drinks,spent_food,movie_avg_rating,perc_drinks,fav_category,drama,comedy,action,romance
1,male,6,52.63 ,9.45 ,1, $35.15 ,17.48 ,75.8,0.668,drama,1,0,0,0
2,male,8,83.52 ,10.34 ,1, $50.52 ,33.00 ,73.2,0.605,comedy,0,1,0,0
3,male,12,189.59 ,15.62 ,0, $87.43 ,102.16 ,35.7,0.461,drama,1,0,0,0
4,male,17,206.39 ,12.05 ,0, $119.29 ,87.10 ,72.1,0.578,drama,1,0,0,0
5,female,20,100.20 ,4.93 ,0, $45.85 ,54.35 ,80.6,0.458,drama,1,0,0,0
6,female,15,260.10 ,17.36 ,1, $145.17 ,114.93 ,54.5,0.558,comedy,0,1,0,0
7,male,20,343.89 ,16.83 ,1, $261.66 ,82.23 ,33.4,0.761,drama,1,0,0,0
8,female,9,103.35 ,11.65 ,0, $61.15 ,42.20 ,72.7,0.592,comedy,0,1,0,0
9,male,20,213.85 ,10.83 ,0, $51.10 ,162.75 ,77.5,0.239,comedy,0,1,0,0
10,male,12,104.00 ,8.48 ,0, $91.78 ,12.22 ,88.1,0.882,action,0,0,1,0
11,female,20,297.37 ,14.85 ,1, $227.58 ,69.79 ,80.2,0.765,romance,0,0,0,1
12,male,29,305.83 ,10.53 ,0, $63.72 ,242.11 ,80.4,0.208,comedy,0,1,0,0
13,female,18,101.05 ,5.54 ,1, $75.33 ,25.72 ,78.5,0.745,drama,1,0,0,0
14,male,17,224.79 ,13.18 ,1, $104.28 ,120.51 ,67.4,0.464,drama,1,0,0,0
15,female,15,204.41 ,13.54 ,1, $144.89 ,59.53 ,77.6,0.709,romance,0,0,0,1
16,male,16,149.69 ,9.53 ,0, $33.47 ,116.22 ,71.2,0.224,comedy,0,1,0,0
17,male,11,178.09 ,16.19 ,1, $61.71 ,116.38 ,61.7,0.347,action,0,0,1,0
18,male,8,66.50 ,8.63 ,0, $16.08 ,50.42 ,52.9,0.242,romance,0,0,0,1
19,male,19,294.14 ,15.23 ,1, $215.09 ,79.06 ,51.2,0.731,comedy,0,1,0,0
20,female,13,280.21 ,20.81 ,1, $101.71 ,178.50 ,50.2,0.363,drama,1,0,0,0
21,female,17,214.27 ,12.82 ,0, $61.33 ,152.93 ,57.6,0.286,comedy,0,1,0,0
22,male,13,214.47 ,16.38 ,1, $74.66 ,139.82 ,47.9,0.348,action,0,0,1,0
23,male,17,214.62 ,12.79 ,1, $106.91 ,107.71 ,68.9,0.498,comedy,0,1,0,0
24,female,13,165.91 ,13.02 ,0, $49.11 ,116.80 ,58.4,0.296,romance,0,0,0,1
25,male,11,130.71 ,11.55 ,1, $103.87 ,26.84 ,81.8,0.795,action,0,0,1,0
26,male,21,297.16 ,14.14 ,1, $173.05 ,124.11 ,72.3,0.582,action,0,0,1,0
27,male,24,306.05 ,12.91 ,0, $69.73 ,236.32 ,50.6,0.228,action,0,0,1,0
28,female,15,213.61 ,14.19 ,0, $81.11 ,132.50 ,63.5,0.380,comedy,0,1,0,0
29,female,21,268.15 ,12.72 ,0, $86.87 ,181.29 ,60.3,0.324,romance,0,0,0,1
30,male,13,99.62 ,7.84 ,0, $78.89 ,20.74 ,90.2,0.792,action,0,0,1,0
31,female,13,218.85 ,16.39 ,1, $122.97 ,95.89 ,35.6,0.562,action,0,0,1,0
32,female,17,152.32 ,8.82 ,0, $98.71 ,53.61 ,75.0,0.648,romance,0,0,0,1
33,male,17,313.71 ,17.93 ,1, $296.14 ,17.57 ,45.6,0.944,action,0,0,1,0
34,female,9,66.09 ,7.31 ,0, $24.76 ,41.33 ,85.5,0.375,romance,0,0,0,1
35,male,19,298.59 ,16.07 ,1, $98.19 ,200.40 ,29.5,0.329,action,0,0,1,0
36,male,6,52.63 ,9.45 ,1, $35.15 ,17.48 ,75.8,0.668,drama,1,0,0,0
37,male,8,83.52 ,10.34 ,1, $50.52 ,33.00 ,73.2,0.605,comedy,0,1,0,0
38,male,12,189.59 ,15.62 ,0, $87.43 ,102.16 ,35.7,0.461,drama,1,0,0,0
39,male,17,206.39 ,12.05 ,0, $119.29 ,87.10 ,72.1,0.578,drama,1,0,0,0
40,female,20,100.20 ,4.93 ,0, $45.85 ,54.35 ,80.6,0.458,drama,1,0,0,0
41,female,15,260.10 ,17.36 ,1, $145.17 ,114.93 ,54.5,0.558,comedy,0,1,0,0
42,male,20,343.89 ,16.83 ,1, $261.66 ,82.23 ,33.4,0.761,drama,1,0,0,0
43,female,9,103.35 ,11.65 ,0, $61.15 ,42.20 ,72.7,0.592,comedy,0,1,0,0
44,male,20,213.85 ,10.83 ,0, $51.10 ,162.75 ,77.5,0.239,comedy,0,1,0,0
45,male,12,104.00 ,8.48 ,0, $91.78 ,12.22 ,88.1,0.882,action,0,0,1,0
46,female,20,297.37 ,14.85 ,1, $227.58 ,69.79 ,80.2,0.765,romance,0,0,0,1
47,male,29,305.83 ,10.53 ,0, $63.72 ,242.11 ,80.4,0.208,comedy,0,1,0,0
48,female,18,101.05 ,5.54 ,1, $75.33 ,25.72 ,78.5,0.745,drama,1,0,0,0
49,male,17,224.79 ,13.18 ,1, $104.28 ,120.51 ,67.4,0.464,drama,1,0,0,0
50,female,15,204.41 ,13.54 ,1, $144.89 ,59.53 ,77.6,0.709,romance,0,0,0,1
51,male,16,149.69 ,9.53 ,0, $33.47 ,116.22 ,71.2,0.224,comedy,0,1,0,0
52,male,11,178.09 ,16.19 ,1, $61.71 ,116.38 ,61.7,0.347,action,0,0,1,0
53,male,8,66.50 ,8.63 ,0, $16.08 ,50.42 ,52.9,0.242,romance,0,0,0,1
54,male,19,294.14 ,15.23 ,1, $215.09 ,79.06 ,51.2,0.731,comedy,0,1,0,0
55,female,13,280.21 ,20.81 ,1, $101.71 ,178.50 ,50.2,0.363,drama,1,0,0,0
56,female,17,214.27 ,12.82 ,0, $61.33 ,152.93 ,57.6,0.286,comedy,0,1,0,0
57,male,13,214.47 ,16.38 ,1, $74.66 ,139.82 ,47.9,0.348,action,0,0,1,0
58,male,17,214.62 ,12.79 ,1, $106.91 ,107.71 ,68.9,0.498,comedy,0,1,0,0
59,female,13,165.91 ,13.02 ,0, $49.11 ,116.80 ,58.4,0.296,romance,0,0,0,1
60,male,11,130.71 ,11.55 ,1, $103.87 ,26.84 ,81.8,0.795,action,0,0,1,0
61,male,21,297.16 ,14.14 ,1, $173.05 ,124.11 ,72.3,0.582,action,0,0,1,0
62,male,24,306.05 ,12.91 ,0, $69.73 ,236.32 ,50.6,0.228,action,0,0,1,0
63,female,15,213.61 ,14.19 ,0, $81.11 ,132.50 ,63.5,0.380,comedy,0,1,0,0
64,female,21,268.15 ,12.72 ,0, $86.87 ,181.29 ,60.3,0.324,romance,0,0,0,1
65,male,13,99.62 ,7.84 ,0, $78.89 ,20.74 ,90.2,0.792,action,0,0,1,0
66,female,13,218.85 ,16.39 ,1, $122.97 ,95.89 ,35.6,0.562,action,0,0,1,0
67,female,17,152.32 ,8.82 ,0, $98.71 ,53.61 ,75.0,0.648,romance,0,0,0,1
68,male,17,313.71 ,17.93 ,1, $296.14 ,17.57 ,45.6,0.944,action,0,0,1,0
69,female,9,66.09 ,7.31 ,0, $24.76 ,41.33 ,85.5,0.375,romance,0,0,0,1
70,male,19,298.59 ,16.07 ,1, $98.19 ,200.40 ,29.5,0.329,action,0,0,1,0
71,male,6,52.63 ,9.45 ,1, $35.15 ,17.48 ,75.8,0.668,drama,1,0,0,0
72,male,8,83.52 ,10.34 ,1, $50.52 ,33.00 ,73.2,0.605,comedy,0,1,0,0
73,male,12,189.59 ,15.62 ,0, $87.43 ,102.16 ,35.7,0.461,drama,1,0,0,0
74,male,17,206.39 ,12.05 ,0, $119.29 ,87.10 ,72.1,0.578,drama,1,0,0,0
75,female,20,100.20 ,4.93 ,0, $45.85 ,54.35 ,80.6,0.458,drama,1,0,0,0
76,female,15,260.10 ,17.36 ,1, $145.17 ,114.93 ,54.5,0.558,comedy,0,1,0,0
77,male,20,343.89 ,16.83 ,1, $261.66 ,82.23 ,33.4,0.761,drama,1,0,0,0
78,female,9,103.35 ,11.65 ,0, $61.15 ,42.20 ,72.7,0.592,comedy,0,1,0,0
79,male,20,213.85 ,10.83 ,0, $51.10 ,162.75 ,77.5,0.239,comedy,0,1,0,0
80,male,12,104.00 ,8.48 ,0, $91.78 ,12.22 ,88.1,0.882,action,0,0,1,0
81,female,20,297.37 ,14.85 ,1, $227.58 ,69.79 ,80.2,0.765,romance,0,0,0,1
82,male,29,305.83 ,10.53 ,0, $63.72 ,242.11 ,80.4,0.208,comedy,0,1,0,0
83,female,18,101.05 ,5.54 ,1, $75.33 ,25.72 ,78.5,0.745,drama,1,0,0,0
84,male,17,224.79 ,13.18 ,1, $104.28 ,120.51 ,67.4,0.464,drama,1,0,0,0
85,female,15,204.41 ,13.54 ,1, $144.89 ,59.53 ,77.6,0.709,romance,0,0,0,1
86,male,16,149.69 ,9.53 ,0, $33.47 ,116.22 ,71.2,0.224,comedy,0,1,0,0
87,male,11,178.09 ,16.19 ,1, $61.71 ,116.38 ,61.7,0.347,action,0,0,1,0
88,male,8,66.50 ,8.63 ,0, $16.08 ,50.42 ,52.9,0.242,romance,0,0,0,1
89,male,19,294.14 ,15.23 ,1, $215.09 ,79.06 ,51.2,0.731,comedy,0,1,0,0
90,female,13,280.21 ,20.81 ,1, $101.71 ,178.50 ,50.2,0.363,drama,1,0,0,0
91,female,17,214.27 ,12.82 ,0, $61.33 ,152.93 ,57.6,0.286,comedy,0,1,0,0
92,male,13,214.47 ,16.38 ,1, $74.66 ,139.82 ,47.9,0.348,action,0,0,1,0
93,male,17,214.62 ,12.79 ,1, $106.91 ,107.71 ,68.9,0.498,comedy,0,1,0,0
94,female,13,165.91 ,13.02 ,0, $49.11 ,116.80 ,58.4,0.296,romance,0,0,0,1
95,male,11,130.71 ,11.55 ,1, $103.87 ,26.84 ,81.8,0.795,action,0,0,1,0
96,male,21,297.16 ,14.14 ,1, $173.05 ,124.11 ,72.3,0.582,action,0,0,1,0
97,male,24,306.05 ,12.91 ,0, $69.73 ,236.32 ,50.6,0.228,action,0,0,1,0
98,female,15,213.61 ,14.19 ,0, $81.11 ,132.50 ,63.5,0.380,comedy,0,1,0,0
99,female,21,268.15 ,12.72 ,0, $86.87 ,181.29 ,60.3,0.324,romance,0,0,0,1
100,male,13,99.62 ,7.84 ,0, $78.89 ,20.74 ,90.2,0.792,action,0,0,1,0
101,female,13,218.85 ,16.39 ,1, $122.97 ,95.89 ,35.6,0.562,action,0,0,1,0
102,female,17,152.32 ,8.82 ,0, $98.71 ,53.61 ,75.0,0.648,romance,0,0,0,1
103,male,17,313.71 ,17.93 ,1, $296.14 ,17.57 ,45.6,0.944,action,0,0,1,0
104,female,9,66.09 ,7.31 ,0, $24.76 ,41.33 ,85.5,0.375,romance,0,0,0,1
105,male,19,298.59 ,16.07 ,1, $98.19 ,200.40 ,29.5,0.329,action,0,0,1,0
106,male,6,52.63 ,9.45 ,1, $35.15 ,17.48 ,75.8,0.668,drama,1,0,0,0
107,male,8,83.52 ,10.34 ,1, $50.52 ,33.00 ,73.2,0.605,comedy,0,1,0,0
108,male,12,189.59 ,15.62 ,0, $87.43 ,102.16 ,35.7,0.461,drama,1,0,0,0
109,male,17,206.39 ,12.05 ,0, $119.29 ,87.10 ,72.1,0.578,drama,1,0,0,0
110,female,20,100.20 ,4.93 ,0, $45.85 ,54.35 ,80.6,0.458,drama,1,0,0,0
111,female,15,260.10 ,17.36 ,1, $145.17 ,114.93 ,54.5,0.558,comedy,0,1,0,0
112,male,20,343.89 ,16.83 ,1, $261.66 ,82.23 ,33.4,0.761,drama,1,0,0,0
113,female,9,103.35 ,11.65 ,0, $61.15 ,42.20 ,72.7,0.592,comedy,0,1,0,0
114,male,20,213.85 ,10.83 ,0, $51.10 ,162.75 ,77.5,0.239,comedy,0,1,0,0
115,male,12,104.00 ,8.48 ,0, $91.78 ,12.22 ,88.1,0.882,action,0,0,1,0
116,female,20,297.37 ,14.85 ,1, $227.58 ,69.79 ,80.2,0.765,romance,0,0,0,1
117,male,29,305.83 ,10.53 ,0, $63.72 ,242.11 ,80.4,0.208,comedy,0,1,0,0
118,female,18,101.05 ,5.54 ,1, $75.33 ,25.72 ,78.5,0.745,drama,1,0,0,0
119,male,17,224.79 ,13.18 ,1, $104.28 ,120.51 ,67.4,0.464,drama,1,0,0,0
120,female,15,204.41 ,13.54 ,1, $144.89 ,59.53 ,77.6,0.709,romance,0,0,0,1
121,male,16,149.69 ,9.53 ,0, $33.47 ,116.22 ,71.2,0.224,comedy,0,1,0,0
122,male,11,178.09 ,16.19 ,1, $61.71 ,116.38 ,61.7,0.347,action,0,0,1,0
123,male,8,66.50 ,8.63 ,0, $16.08 ,50.42 ,52.9,0.242,romance,0,0,0,1
124,male,19,294.14 ,15.23 ,1, $215.09 ,79.06 ,51.2,0.731,comedy,0,1,0,0
125,female,13,280.21 ,20.81 ,1, $101.71 ,178.50 ,50.2,0.363,drama,1,0,0,0
126,female,17,214.27 ,12.82 ,0, $61.33 ,152.93 ,57.6,0.286,comedy,0,1,0,0
127,male,13,214.47 ,16.38 ,1, $74.66 ,139.82 ,47.9,0.348,action,0,0,1,0
128,male,17,214.62 ,12.79 ,1, $106.91 ,107.71 ,68.9,0.498,comedy,0,1,0,0
129,female,13,165.91 ,13.02 ,0, $49.11 ,116.80 ,58.4,0.296,romance,0,0,0,1
130,male,11,130.71 ,11.55 ,1, $103.87 ,26.84 ,81.8,0.795,action,0,0,1,0
131,male,21,297.16 ,14.14 ,1, $173.05 ,124.11 ,72.3,0.582,action,0,0,1,0
132,male,24,306.05 ,12.91 ,0, $69.73 ,236.32 ,50.6,0.228,action,0,0,1,0
133,female,15,213.61 ,14.19 ,0, $81.11 ,132.50 ,63.5,0.380,comedy,0,1,0,0
134,female,21,268.15 ,12.72 ,0, $86.87 ,181.29 ,60.3,0.324,romance,0,0,0,1
135,male,13,99.62 ,7.84 ,0, $78.89 ,20.74 ,90.2,0.792,action,0,0,1,0
136,female,13,218.85 ,16.39 ,1, $122.97 ,95.89 ,35.6,0.562,action,0,0,1,0
137,female,17,152.32 ,8.82 ,0, $98.71 ,53.61 ,75.0,0.648,romance,0,0,0,1
138,male,17,313.71 ,17.93 ,1, $296.14 ,17.57 ,45.6,0.944,action,0,0,1,0
139,female,9,66.09 ,7.31 ,0, $24.76 ,41.33 ,85.5,0.375,romance,0,0,0,1
140,male,19,298.59 ,16.07 ,1, $98.19 ,200.40 ,29.5,0.329,action,0,0,1,0
141,male,6,52.63 ,9.45 ,1, $35.15 ,17.48 ,75.8,0.668,drama,1,0,0,0
142,male,8,83.52 ,10.34 ,1, $50.52 ,33.00 ,73.2,0.605,comedy,0,1,0,0
143,male,12,189.59 ,15.62 ,0, $87.43 ,102.16 ,35.7,0.461,drama,1,0,0,0
144,male,17,206.39 ,12.05 ,0, $119.29 ,87.10 ,72.1,0.578,drama,1,0,0,0
145,female,20,100.20 ,4.93 ,0, $45.85 ,54.35 ,80.6,0.458,drama,1,0,0,0
146,female,15,260.10 ,17.36 ,1, $145.17 ,114.93 ,54.5,0.558,comedy,0,1,0,0
147,male,20,343.89 ,16.83 ,1, $261.66 ,82.23 ,33.4,0.761,drama,1,0,0,0
148,female,9,103.35 ,11.65 ,0, $61.15 ,42.20 ,72.7,0.592,comedy,0,1,0,0
149,male,20,213.85 ,10.83 ,0, $51.10 ,162.75 ,77.5,0.239,comedy,0,1,0,0
150,male,12,104.00 ,8.48 ,0, $91.78 ,12.22 ,88.1,0.882,action,0,0,1,0
151,female,20,297.37 ,14.85 ,1, $227.58 ,69.79 ,80.2,0.765,romance,0,0,0,1
152,male,29,305.83 ,10.53 ,0, $63.72 ,242.11 ,80.4,0.208,comedy,0,1,0,0
153,female,18,101.05 ,5.54 ,1, $75.33 ,25.72 ,78.5,0.745,drama,1,0,0,0
154,male,17,224.79 ,13.18 ,1, $104.28 ,120.51 ,67.4,0.464,drama,1,0,0,0
155,female,15,204.41 ,13.54 ,1, $144.89 ,59.53 ,77.6,0.709,romance,0,0,0,1
156,male,16,149.69 ,9.53 ,0, $33.47 ,116.22 ,71.2,0.224,comedy,0,1,0,0
157,male,11,178.09 ,16.19 ,1, $61.71 ,116.38 ,61.7,0.347,action,0,0,1,0
158,male,8,66.50 ,8.63 ,0, $16.08 ,50.42 ,52.9,0.242,romance,0,0,0,1
159,male,19,294.14 ,15.23 ,1, $215.09 ,79.06 ,51.2,0.731,comedy,0,1,0,0
160,female,13,280.21 ,20.81 ,1, $101.71 ,178.50 ,50.2,0.363,drama,1,0,0,0
161,female,17,214.27 ,12.82 ,0, $61.33 ,152.93 ,57.6,0.286,comedy,0,1,0,0
162,male,13,214.47 ,16.38 ,1, $74.66 ,139.82 ,47.9,0.348,action,0,0,1,0
163,male,17,214.62 ,12.79 ,1, $106.91 ,107.71 ,68.9,0.498,comedy,0,1,0,0
164,female,13,165.91 ,13.02 ,0, $49.11 ,116.80 ,58.4,0.296,romance,0,0,0,1
165,male,11,130.71 ,11.55 ,1, $103.87 ,26.84 ,81.8,0.795,action,0,0,1,0
166,male,21,297.16 ,14.14 ,1, $173.05 ,124.11 ,72.3,0.582,action,0,0,1,0
167,male,24,306.05 ,12.91 ,0, $69.73 ,236.32 ,50.6,0.228,action,0,0,1,0
168,female,15,213.61 ,14.19 ,0, $81.11 ,132.50 ,63.5,0.380,comedy,0,1,0,0
169,female,21,268.15 ,12.72 ,0, $86.87 ,181.29 ,60.3,0.324,romance,0,0,0,1
170,male,13,99.62 ,7.84 ,0, $78.89 ,20.74 ,90.2,0.792,action,0,0,1,0
171,female,13,218.85 ,16.39 ,1, $122.97 ,95.89 ,35.6,0.562,action,0,0,1,0
172,female,17,152.32 ,8.82 ,0, $98.71 ,53.61 ,75.0,0.648,romance,0,0,0,1
173,male,17,313.71 ,17.93 ,1, $296.14 ,17.57 ,45.6,0.944,action,0,0,1,0
174,female,9,66.09 ,7.31 ,0, $24.76 ,41.33 ,85.5,0.375,romance,0,0,0,1
175,male,19,298.59 ,16.07 ,1, $98.19 ,200.40 ,29.5,0.329,action,0,0,1,0
176,male,6,52.63 ,9.45 ,1, $35.15 ,17.48 ,75.8,0.668,drama,1,0,0,0
177,male,8,83.52 ,10.34 ,1, $50.52 ,33.00 ,73.2,0.605,comedy,0,1,0,0
178,male,12,189.59 ,15.62 ,0, $87.43 ,102.16 ,35.7,0.461,drama,1,0,0,0
179,male,17,206.39 ,12.05 ,0, $119.29 ,87.10 ,72.1,0.578,drama,1,0,0,0
180,female,20,100.20 ,4.93 ,0, $45.85 ,54.35 ,80.6,0.458,drama,1,0,0,0
181,female,15,260.10 ,17.36 ,1, $145.17 ,114.93 ,54.5,0.558,comedy,0,1,0,0
182,male,20,343.89 ,16.83 ,1, $261.66 ,82.23 ,33.4,0.761,drama,1,0,0,0
183,female,9,103.35 ,11.65 ,0, $61.15 ,42.20 ,72.7,0.592,comedy,0,1,0,0
184,male,20,213.85 ,10.83 ,0, $51.10 ,162.75 ,77.5,0.239,comedy,0,1,0,0
185,male,12,104.00 ,8.48 ,0, $91.78 ,12.22 ,88.1,0.882,action,0,0,1,0
186,female,20,297.37 ,14.85 ,1, $227.58 ,69.79 ,80.2,0.765,romance,0,0,0,1
187,male,29,305.83 ,10.53 ,0, $63.72 ,242.11 ,80.4,0.208,comedy,0,1,0,0
188,female,18,101.05 ,5.54 ,1, $75.33 ,25.72 ,78.5,0.745,drama,1,0,0,0
189,male,17,224.79 ,13.18 ,1, $104.28 ,120.51 ,67.4,0.464,drama,1,0,0,0
190,female,15,204.41 ,13.54 ,1, $144.89 ,59.53 ,77.6,0.709,romance,0,0,0,1
191,male,16,149.69 ,9.53 ,0, $33.47 ,116.22 ,71.2,0.224,comedy,0,1,0,0
192,male,11,178.09 ,16.19 ,1, $61.71 ,116.38 ,61.7,0.347,action,0,0,1,0
193,male,8,66.50 ,8.63 ,0, $16.08 ,50.42 ,52.9,0.242,romance,0,0,0,1
194,male,19,294.14 ,15.23 ,1, $215.09 ,79.06 ,51.2,0.731,comedy,0,1,0,0
195,female,13,280.21 ,20.81 ,1, $101.71 ,178.50 ,50.2,0.363,drama,1,0,0,0
196,female,17,214.27 ,12.82 ,0, $61.33 ,152.93 ,57.6,0.286,comedy,0,1,0,0
197,male,13,214.47 ,16.38 ,1, $74.66 ,139.82 ,47.9,0.348,action,0,0,1,0
198,male,17,214.62 ,12.79 ,1, $106.91 ,107.71 ,68.9,0.498,comedy,0,1,0,0
199,female,13,165.91 ,13.02 ,0, $49.11 ,116.80 ,58.4,0.296,romance,0,0,0,1
200,male,11,130.71 ,11.55 ,1, $103.87 ,26.84 ,81.8,0.795,action,0,0,1,0
201,male,21,297.16 ,14.14 ,1, $173.05 ,124.11 ,72.3,0.582,action,0,0,1,0
202,male,24,306.05 ,12.91 ,0, $69.73 ,236.32 ,50.6,0.228,action,0,0,1,0
203,female,15,213.61 ,14.19 ,0, $81.11 ,132.50 ,63.5,0.380,comedy,0,1,0,0
204,female,21,268.15 ,12.72 ,0, $86.87 ,181.29 ,60.3,0.324,romance,0,0,0,1
205,male,13,99.62 ,7.84 ,0, $78.89 ,20.74 ,90.2,0.792,action,0,0,1,0
206,female,13,218.85 ,16.39 ,1, $122.97 ,95.89 ,35.6,0.562,action,0,0,1,0
207,female,17,152.32 ,8.82 ,0, $98.71 ,53.61 ,75.0,0.648,romance,0,0,0,1
208,male,17,313.71 ,17.93 ,1, $296.14 ,17.57 ,45.6,0.944,action,0,0,1,0
209,female,9,66.09 ,7.31 ,0, $24.76 ,41.33 ,85.5,0.375,romance,0,0,0,1
210,male,19,298.59 ,16.07 ,1, $98.19 ,200.40 ,29.5,0.329,action,0,0,1,0
211,male,6,52.63 ,9.45 ,1, $35.15 ,17.48 ,75.8,0.668,drama,1,0,0,0
212,male,8,83.52 ,10.34 ,1, $50.52 ,33.00 ,73.2,0.605,comedy,0,1,0,0
213,male,12,189.59 ,15.62 ,0, $87.43 ,102.16 ,35.7,0.461,drama,1,0,0,0
214,male,17,206.39 ,12.05 ,0, $119.29 ,87.10 ,72.1,0.578,drama,1,0,0,0
215,female,20,100.20 ,4.93 ,0, $45.85 ,54.35 ,80.6,0.458,drama,1,0,0,0
216,female,15,260.10 ,17.36 ,1, $145.17 ,114.93 ,54.5,0.558,comedy,0,1,0,0
217,male,20,343.89 ,16.83 ,1, $261.66 ,82.23 ,33.4,0.761,drama,1,0,0,0
218,female,9,103.35 ,11.65 ,0, $61.15 ,42.20 ,72.7,0.592,comedy,0,1,0,0
219,male,20,213.85 ,10.83 ,0, $51.10 ,162.75 ,77.5,0.239,comedy,0,1,0,0
220,male,12,104.00 ,8.48 ,0, $91.78 ,12.22 ,88.1,0.882,action,0,0,1,0
221,female,20,297.37 ,14.85 ,1, $227.58 ,69.79 ,80.2,0.765,romance,0,0,0,1
222,male,29,305.83 ,10.53 ,0, $63.72 ,242.11 ,80.4,0.208,comedy,0,1,0,0
223,female,18,101.05 ,5.54 ,1, $75.33 ,25.72 ,78.5,0.745,drama,1,0,0,0
224,male,17,224.79 ,13.18 ,1, $104.28 ,120.51 ,67.4,0.464,drama,1,0,0,0
225,female,15,204.41 ,13.54 ,1, $144.89 ,59.53 ,77.6,0.709,romance,0,0,0,1
226,male,16,149.69 ,9.53 ,0, $33.47 ,116.22 ,71.2,0.224,comedy,0,1,0,0
227,male,11,178.09 ,16.19 ,1, $61.71 ,116.38 ,61.7,0.347,action,0,0,1,0
228,male,8,66.50 ,8.63 ,0, $16.08 ,50.42 ,52.9,0.242,romance,0,0,0,1
229,male,19,294.14 ,15.23 ,1, $215.09 ,79.06 ,51.2,0.731,comedy,0,1,0,0
230,female,13,280.21 ,20.81 ,1, $101.71 ,178.50 ,50.2,0.363,drama,1,0,0,0
231,female,17,214.27 ,12.82 ,0, $61.33 ,152.93 ,57.6,0.286,comedy,0,1,0,0
232,male,13,214.47 ,16.38 ,1, $74.66 ,139.82 ,47.9,0.348,action,0,0,1,0
233,male,17,214.62 ,12.79 ,1, $106.91 ,107.71 ,68.9,0.498,comedy,0,1,0,0
234,female,13,165.91 ,13.02 ,0, $49.11 ,116.80 ,58.4,0.296,romance,0,0,0,1
235,male,11,130.71 ,11.55 ,1, $103.87 ,26.84 ,81.8,0.795,action,0,0,1,0
236,male,21,297.16 ,14.14 ,1, $173.05 ,124.11 ,72.3,0.582,action,0,0,1,0
237,male,24,306.05 ,12.91 ,0, $69.73 ,236.32 ,50.6,0.228,action,0,0,1,0
238,female,15,213.61 ,14.19 ,0, $81.11 ,132.50 ,63.5,0.380,comedy,0,1,0,0
239,female,21,268.15 ,12.72 ,0, $86.87 ,181.29 ,60.3,0.324,romance,0,0,0,1
240,male,13,99.62 ,7.84 ,0, $78.89 ,20.74 ,90.2,0.792,action,0,0,1,0
241,female,13,218.85 ,16.39 ,1, $122.97 ,95.89 ,35.6,0.562,action,0,0,1,0
242,female,17,152.32 ,8.82 ,0, $98.71 ,53.61 ,75.0,0.648,romance,0,0,0,1
243,male,17,313.71 ,17.93 ,1, $296.14 ,17.57 ,45.6,0.944,action,0,0,1,0
244,female,9,66.09 ,7.31 ,0, $24.76 ,41.33 ,85.5,0.375,romance,0,0,0,1
245,male,19,298.59 ,16.07 ,1, $98.19 ,200.40 ,29.5,0.329,action,0,0,1,0
246,male,6,52.63 ,9.45 ,1, $35.15 ,17.48 ,75.8,0.668,drama,1,0,0,0
247,male,8,83.52 ,10.34 ,1, $50.52 ,33.00 ,73.2,0.605,comedy,0,1,0,0
248,male,12,189.59 ,15.62 ,0, $87.43 ,102.16 ,35.7,0.461,drama,1,0,0,0
249,male,17,206.39 ,12.05 ,0, $119.29 ,87.10 ,72.1,0.578,drama,1,0,0,0
250,female,20,100.20 ,4.93 ,0, $45.85 ,54.35 ,80.6,0.458,drama,1,0,0,0
251,female,15,260.10 ,17.36 ,1, $145.17 ,114.93 ,54.5,0.558,comedy,0,1,0,0
252,male,20,343.89 ,16.83 ,1, $261.66 ,82.23 ,33.4,0.761,drama,1,0,0,0
253,female,9,103.35 ,11.65 ,0, $61.15 ,42.20 ,72.7,0.592,comedy,0,1,0,0
254,male,20,213.85 ,10.83 ,0, $51.10 ,162.75 ,77.5,0.239,comedy,0,1,0,0
255,male,12,104.00 ,8.48 ,0, $91.78 ,12.22 ,88.1,0.882,action,0,0,1,0
256,female,20,297.37 ,14.85 ,1, $227.58 ,69.79 ,80.2,0.765,romance,0,0,0,1
257,male,29,305.83 ,10.53 ,0, $63.72 ,242.11 ,80.4,0.208,comedy,0,1,0,0
258,female,18,101.05 ,5.54 ,1, $75.33 ,25.72 ,78.5,0.745,drama,1,0,0,0
259,male,17,224.79 ,13.18 ,1, $104.28 ,120.51 ,67.4,0.464,drama,1,0,0,0
260,female,15,204.41 ,13.54 ,1, $144.89 ,59.53 ,77.6,0.709,romance,0,0,0,1
261,male,16,149.69 ,9.53 ,0, $33.47 ,116.22 ,71.2,0.224,comedy,0,1,0,0
262,male,11,178.09 ,16.19 ,1, $61.71 ,116.38 ,61.7,0.347,action,0,0,1,0
263,male,8,66.50 ,8.63 ,0, $16.08 ,50.42 ,52.9,0.242,romance,0,0,0,1
264,male,19,294.14 ,15.23 ,1, $215.09 ,79.06 ,51.2,0.731,comedy,0,1,0,0
265,female,13,280.21 ,20.81 ,1, $101.71 ,178.50 ,50.2,0.363,drama,1,0,0,0
266,female,17,214.27 ,12.82 ,0, $61.33 ,152.93 ,57.6,0.286,comedy,0,1,0,0
267,male,13,214.47 ,16.38 ,1, $74.66 ,139.82 ,47.9,0.348,action,0,0,1,0
268,male,17,214.62 ,12.79 ,1, $106.91 ,107.71 ,68.9,0.498,comedy,0,1,0,0
269,female,13,165.91 ,13.02 ,0, $49.11 ,116.80 ,58.4,0.296,romance,0,0,0,1
270,male,11,130.71 ,11.55 ,1, $103.87 ,26.84 ,81.8,0.795,action,0,0,1,0
271,male,21,297.16 ,14.14 ,1, $173.05 ,124.11 ,72.3,0.582,action,0,0,1,0
272,male,24,306.05 ,12.91 ,0, $69.73 ,236.32 ,50.6,0.228,action,0,0,1,0
273,female,15,213.61 ,14.19 ,0, $81.11 ,132.50 ,63.5,0.380,comedy,0,1,0,0
274,female,21,268.15 ,12.72 ,0, $86.87 ,181.29 ,60.3,0.324,romance,0,0,0,1
275,male,13,99.62 ,7.84 ,0, $78.89 ,20.74 ,90.2,0.792,action,0,0,1,0
276,female,13,218.85 ,16.39 ,1, $122.97 ,95.89 ,35.6,0.562,action,0,0,1,0
277,female,17,152.32 ,8.82 ,0, $98.71 ,53.61 ,75.0,0.648,romance,0,0,0,1
278,male,17,313.71 ,17.93 ,1, $296.14 ,17.57 ,45.6,0.944,action,0,0,1,0
279,female,9,66.09 ,7.31 ,0, $24.76 ,41.33 ,85.5,0.375,romance,0,0,0,1
280,male,19,298.59 ,16.07 ,1, $98.19 ,200.40 ,29.5,0.329,action,0,0,1,0
281,male,6,52.63 ,9.45 ,1, $35.15 ,17.48 ,75.8,0.668,drama,1,0,0,0
282,male,8,83.52 ,10.34 ,1, $50.52 ,33.00 ,73.2,0.605,comedy,0,1,0,0
283,male,12,189.59 ,15.62 ,0, $87.43 ,102.16 ,35.7,0.461,drama,1,0,0,0
284,male,17,206.39 ,12.05 ,0, $119.29 ,87.10 ,72.1,0.578,drama,1,0,0,0
285,female,20,100.20 ,4.93 ,0, $45.85 ,54.35 ,80.6,0.458,drama,1,0,0,0
286,female,15,260.10 ,17.36 ,1, $145.17 ,114.93 ,54.5,0.558,comedy,0,1,0,0
287,male,20,343.89 ,16.83 ,1, $261.66 ,82.23 ,33.4,0.761,drama,1,0,0,0
288,female,9,103.35 ,11.65 ,0, $61.15 ,42.20 ,72.7,0.592,comedy,0,1,0,0
289,male,20,213.85 ,10.83 ,0, $51.10 ,162.75 ,77.5,0.239,comedy,0,1,0,0
290,male,12,104.00 ,8.48 ,0, $91.78 ,12.22 ,88.1,0.882,action,0,0,1,0
291,female,20,297.37 ,14.85 ,1, $227.58 ,69.79 ,80.2,0.765,romance,0,0,0,1
292,male,29,305.83 ,10.53 ,0, $63.72 ,242.11 ,80.4,0.208,comedy,0,1,0,0
293,female,18,101.05 ,5.54 ,1, $75.33 ,25.72 ,78.5,0.745,drama,1,0,0,0
294,male,17,224.79 ,13.18 ,1, $104.28 ,120.51 ,67.4,0.464,drama,1,0,0,0
295,female,15,204.41 ,13.54 ,1, $144.89 ,59.53 ,77.6,0.709,romance,0,0,0,1
296,male,16,149.69 ,9.53 ,0, $33.47 ,116.22 ,71.2,0.224,comedy,0,1,0,0
297,male,11,178.09 ,16.19 ,1, $61.71 ,116.38 ,61.7,0.347,action,0,0,1,0
298,male,8,66.50 ,8.63 ,0, $16.08 ,50.42 ,52.9,0.242,romance,0,0,0,1
299,male,19,294.14 ,15.23 ,1, $215.09 ,79.06 ,51.2,0.731,comedy,0,1,0,0
300,female,13,280.21 ,20.81 ,1, $101.71 ,178.50 ,50.2,0.363,drama,1,0,0,0
301,female,17,214.27 ,12.82 ,0, $61.33 ,152.93 ,57.6,0.286,comedy,0,1,0,0
302,male,13,214.47 ,16.38 ,1, $74.66 ,139.82 ,47.9,0.348,action,0,0,1,0
303,male,17,214.62 ,12.79 ,1, $106.91 ,107.71 ,68.9,0.498,comedy,0,1,0,0
304,female,13,165.91 ,13.02 ,0, $49.11 ,116.80 ,58.4,0.296,romance,0,0,0,1
305,male,11,130.71 ,11.55 ,1, $103.87 ,26.84 ,81.8,0.795,action,0,0,1,0
306,male,21,297.16 ,14.14 ,1, $173.05 ,124.11 ,72.3,0.582,action,0,0,1,0
307,male,24,306.05 ,12.91 ,0, $69.73 ,236.32 ,50.6,0.228,action,0,0,1,0
308,female,15,213.61 ,14.19 ,0, $81.11 ,132.50 ,63.5,0.380,comedy,0,1,0,0
309,female,21,268.15 ,12.72 ,0, $86.87 ,181.29 ,60.3,0.324,romance,0,0,0,1
310,male,13,99.62 ,7.84 ,0, $78.89 ,20.74 ,90.2,0.792,action,0,0,1,0
311,female,13,218.85 ,16.39 ,1, $122.97 ,95.89 ,35.6,0.562,action,0,0,1,0
312,female,17,152.32 ,8.82 ,0, $98.71 ,53.61 ,75.0,0.648,romance,0,0,0,1
313,male,17,313.71 ,17.93 ,1, $296.14 ,17.57 ,45.6,0.944,action,0,0,1,0
314,female,9,66.09 ,7.31 ,0, $24.76 ,41.33 ,85.5,0.375,romance,0,0,0,1
315,male,19,298.59 ,16.07 ,1, $98.19 ,200.40 ,29.5,0.329,action,0,0,1,0
316,male,6,52.63 ,9.45 ,1, $35.15 ,17.48 ,75.8,0.668,drama,1,0,0,0
317,male,8,83.52 ,10.34 ,1, $50.52 ,33.00 ,73.2,0.605,comedy,0,1,0,0
318,male,12,189.59 ,15.62 ,0, $87.43 ,102.16 ,35.7,0.461,drama,1,0,0,0
319,male,17,206.39 ,12.05 ,0, $119.29 ,87.10 ,72.1,0.578,drama,1,0,0,0
320,female,20,100.20 ,4.93 ,0, $45.85 ,54.35 ,80.6,0.458,drama,1,0,0,0
321,female,15,260.10 ,17.36 ,1, $145.17 ,114.93 ,54.5,0.558,comedy,0,1,0,0
322,male,20,343.89 ,16.83 ,1, $261.66 ,82.23 ,33.4,0.761,drama,1,0,0,0
323,female,9,103.35 ,11.65 ,0, $61.15 ,42.20 ,72.7,0.592,comedy,0,1,0,0
324,male,20,213.85 ,10.83 ,0, $51.10 ,162.75 ,77.5,0.239,comedy,0,1,0,0
325,male,12,104.00 ,8.48 ,0, $91.78 ,12.22 ,88.1,0.882,action,0,0,1,0
326,female,20,297.37 ,14.85 ,1, $227.58 ,69.79 ,80.2,0.765,romance,0,0,0,1
327,male,29,305.83 ,10.53 ,0, $63.72 ,242.11 ,80.4,0.208,comedy,0,1,0,0
328,female,18,101.05 ,5.54 ,1, $75.33 ,25.72 ,78.5,0.745,drama,1,0,0,0
329,male,17,224.79 ,13.18 ,1, $104.28 ,120.51 ,67.4,0.464,drama,1,0,0,0
330,female,15,204.41 ,13.54 ,1, $144.89 ,59.53 ,77.6,0.709,romance,0,0,0,1
331,male,16,149.69 ,9.53 ,0, $33.47 ,116.22 ,71.2,0.224,comedy,0,1,0,0
332,male,11,178.09 ,16.19 ,1, $61.71 ,116.38 ,61.7,0.347,action,0,0,1,0
333,male,8,66.50 ,8.63 ,0, $16.08 ,50.42 ,52.9,0.242,romance,0,0,0,1
334,male,19,294.14 ,15.23 ,1, $215.09 ,79.06 ,51.2,0.731,comedy,0,1,0,0
335,female,13,280.21 ,20.81 ,1, $101.71 ,178.50 ,50.2,0.363,drama,1,0,0,0
336,female,17,214.27 ,12.82 ,0, $61.33 ,152.93 ,57.6,0.286,comedy,0,1,0,0
337,male,13,214.47 ,16.38 ,1, $74.66 ,139.82 ,47.9,0.348,action,0,0,1,0
338,male,17,214.62 ,12.79 ,1, $106.91 ,107.71 ,68.9,0.498,comedy,0,1,0,0
339,female,13,165.91 ,13.02 ,0, $49.11 ,116.80 ,58.4,0.296,romance,0,0,0,1
340,male,11,130.71 ,11.55 ,1, $103.87 ,26.84 ,81.8,0.795,action,0,0,1,0
341,male,21,297.16 ,14.14 ,1, $173.05 ,124.11 ,72.3,0.582,action,0,0,1,0
342,male,24,306.05 ,12.91 ,0, $69.73 ,236.32 ,50.6,0.228,action,0,0,1,0
343,female,15,213.61 ,14.19 ,0, $81.11 ,132.50 ,63.5,0.380,comedy,0,1,0,0
344,female,21,268.15 ,12.72 ,0, $86.87 ,181.29 ,60.3,0.324,romance,0,0,0,1
345,male,13,99.62 ,7.84 ,0, $78.89 ,20.74 ,90.2,0.792,action,0,0,1,0
346,female,13,218.85 ,16.39 ,1, $122.97 ,95.89 ,35.6,0.562,action,0,0,1,0
347,female,17,152.32 ,8.82 ,0, $98.71 ,53.61 ,75.0,0.648,romance,0,0,0,1
348,male,17,313.71 ,17.93 ,1, $296.14 ,17.57 ,45.6,0.944,action,0,0,1,0
349,female,9,66.09 ,7.31 ,0, $24.76 ,41.33 ,85.5,0.375,romance,0,0,0,1
350,male,19,298.59 ,16.07 ,1, $98.19 ,200.40 ,29.5,0.329,action,0,0,1,0
351,male,6,52.63 ,9.45 ,1, $35.15 ,17.48 ,75.8,0.668,drama,1,0,0,0
352,male,8,83.52 ,10.34 ,1, $50.52 ,33.00 ,73.2,0.605,comedy,0,1,0,0
353,male,12,189.59 ,15.62 ,0, $87.43 ,102.16 ,35.7,0.461,drama,1,0,0,0
354,male,17,206.39 ,12.05 ,0, $119.29 ,87.10 ,72.1,0.578,drama,1,0,0,0
355,female,20,100.20 ,4.93 ,0, $45.85 ,54.35 ,80.6,0.458,drama,1,0,0,0
356,female,15,260.10 ,17.36 ,1, $145.17 ,114.93 ,54.5,0.558,comedy,0,1,0,0
357,male,20,343.89 ,16.83 ,1, $261.66 ,82.23 ,33.4,0.761,drama,1,0,0,0
358,female,9,103.35 ,11.65 ,0, $61.15 ,42.20 ,72.7,0.592,comedy,0,1,0,0
359,male,20,213.85 ,10.83 ,0, $51.10 ,162.75 ,77.5,0.239,comedy,0,1,0,0
360,male,12,104.00 ,8.48 ,0, $91.78 ,12.22 ,88.1,0.882,action,0,0,1,0
361,female,20,297.37 ,14.85 ,1, $227.58 ,69.79 ,80.2,0.765,romance,0,0,0,1
362,male,29,305.83 ,10.53 ,0, $63.72 ,242.11 ,80.4,0.208,comedy,0,1,0,0
363,female,18,101.05 ,5.54 ,1, $75.33 ,25.72 ,78.5,0.745,drama,1,0,0,0
364,male,17,224.79 ,13.18 ,1, $104.28 ,120.51 ,67.4,0.464,drama,1,0,0,0
365,female,15,204.41 ,13.54 ,1, $144.89 ,59.53 ,77.6,0.709,romance,0,0,0,1
366,male,16,149.69 ,9.53 ,0, $33.47 ,116.22 ,71.2,0.224,comedy,0,1,0,0
367,male,11,178.09 ,16.19 ,1, $61.71 ,116.38 ,61.7,0.347,action,0,0,1,0
368,male,8,66.50 ,8.63 ,0, $16.08 ,50.42 ,52.9,0.242,romance,0,0,0,1
369,male,19,294.14 ,15.23 ,1, $215.09 ,79.06 ,51.2,0.731,comedy,0,1,0,0
370,female,13,280.21 ,20.81 ,1, $101.71 ,178.50 ,50.2,0.363,drama,1,0,0,0
371,female,17,214.27 ,12.82 ,0, $61.33 ,152.93 ,57.6,0.286,comedy,0,1,0,0
372,male,13,214.47 ,16.38 ,1, $74.66 ,139.82 ,47.9,0.348,action,0,0,1,0
373,male,17,214.62 ,12.79 ,1, $106.91 ,107.71 ,68.9,0.498,comedy,0,1,0,0
374,female,13,165.91 ,13.02 ,0, $49.11 ,116.80 ,58.4,0.296,romance,0,0,0,1
375,male,11,130.71 ,11.55 ,1, $103.87 ,26.84 ,81.8,0.795,action,0,0,1,0
376,male,21,297.16 ,14.14 ,1, $173.05 ,124.11 ,72.3,0.582,action,0,0,1,0
377,male,24,306.05 ,12.91 ,0, $69.73 ,236.32 ,50.6,0.228,action,0,0,1,0
378,female,15,213.61 ,14.19 ,0, $81.11 ,132.50 ,63.5,0.380,comedy,0,1,0,0
379,female,21,268.15 ,12.72 ,0, $86.87 ,181.29 ,60.3,0.324,romance,0,0,0,1
380,male,13,99.62 ,7.84 ,0, $78.89 ,20.74 ,90.2,0.792,action,0,0,1,0
381,female,13,218.85 ,16.39 ,1, $122.97 ,95.89 ,35.6,0.562,action,0,0,1,0
382,female,17,152.32 ,8.82 ,0, $98.71 ,53.61 ,75.0,0.648,romance,0,0,0,1
383,male,17,313.71 ,17.93 ,1, $296.14 ,17.57 ,45.6,0.944,action,0,0,1,0
384,female,9,66.09 ,7.31 ,0, $24.76 ,41.33 ,85.5,0.375,romance,0,0,0,1
385,male,19,298.59 ,16.07 ,1, $98.19 ,200.40 ,29.5,0.329,action,0,0,1,0
386,male,6,52.63 ,9.45 ,1, $35.15 ,17.48 ,75.8,0.668,drama,1,0,0,0
387,male,8,83.52 ,10.34 ,1, $50.52 ,33.00 ,73.2,0.605,comedy,0,1,0,0
388,male,12,189.59 ,15.62 ,0, $87.43 ,102.16 ,35.7,0.461,drama,1,0,0,0
389,male,17,206.39 ,12.05 ,0, $119.29 ,87.10 ,72.1,0.578,drama,1,0,0,0
390,female,20,100.20 ,4.93 ,0, $45.85 ,54.35 ,80.6,0.458,drama,1,0,0,0
391,female,15,260.10 ,17.36 ,1, $145.17 ,114.93 ,54.5,0.558,comedy,0,1,0,0
392,male,20,343.89 ,16.83 ,1, $261.66 ,82.23 ,33.4,0.761,drama,1,0,0,0
393,female,9,103.35 ,11.65 ,0, $61.15 ,42.20 ,72.7,0.592,comedy,0,1,0,0
394,male,20,213.85 ,10.83 ,0, $51.10 ,162.75 ,77.5,0.239,comedy,0,1,0,0
395,male,12,104.00 ,8.48 ,0, $91.78 ,12.22 ,88.1,0.882,action,0,0,1,0
396,female,20,297.37 ,14.85 ,1, $227.58 ,69.79 ,80.2,0.765,romance,0,0,0,1
397,male,29,305.83 ,10.53 ,0, $63.72 ,242.11 ,80.4,0.208,comedy,0,1,0,0
398,female,18,101.05 ,5.54 ,1, $75.33 ,25.72 ,78.5,0.745,drama,1,0,0,0
399,male,17,224.79 ,13.18 ,1, $104.28 ,120.51 ,67.4,0.464,drama,1,0,0,0
400,female,15,204.41 ,13.54 ,1, $144.89 ,59.53 ,77.6,0.709,romance,0,0,0,1
401,male,16,149.69 ,9.53 ,0, $33.47 ,116.22 ,71.2,0.224,comedy,0,1,0,0
402,male,11,178.09 ,16.19 ,1, $61.71 ,116.38 ,61.7,0.347,action,0,0,1,0
403,male,8,66.50 ,8.63 ,0, $16.08 ,50.42 ,52.9,0.242,romance,0,0,0,1
404,male,19,294.14 ,15.23 ,1, $215.09 ,79.06 ,51.2,0.731,comedy,0,1,0,0
405,female,13,280.21 ,20.81 ,1, $101.71 ,178.50 ,50.2,0.363,drama,1,0,0,0
406,female,17,214.27 ,12.82 ,0, $61.33 ,152.93 ,57.6,0.286,comedy,0,1,0,0
407,male,13,214.47 ,16.38 ,1, $74.66 ,139.82 ,47.9,0.348,action,0,0,1,0
408,male,17,214.62 ,12.79 ,1, $106.91 ,107.71 ,68.9,0.498,comedy,0,1,0,0
409,female,13,165.91 ,13.02 ,0, $49.11 ,116.80 ,58.4,0.296,romance,0,0,0,1
410,male,11,130.71 ,11.55 ,1, $103.87 ,26.84 ,81.8,0.795,action,0,0,1,0
411,male,21,297.16 ,14.14 ,1, $173.05 ,124.11 ,72.3,0.582,action,0,0,1,0
412,male,24,306.05 ,12.91 ,0, $69.73 ,236.32 ,50.6,0.228,action,0,0,1,0
413,female,15,213.61 ,14.19 ,0, $81.11 ,132.50 ,63.5,0.380,comedy,0,1,0,0
414,female,21,268.15 ,12.72 ,0, $86.87 ,181.29 ,60.3,0.324,romance,0,0,0,1
415,male,13,99.62 ,7.84 ,0, $78.89 ,20.74 ,90.2,0.792,action,0,0,1,0
416,female,13,218.85 ,16.39 ,1, $122.97 ,95.89 ,35.6,0.562,action,0,0,1,0
417,female,17,152.32 ,8.82 ,0, $98.71 ,53.61 ,75.0,0.648,romance,0,0,0,1
418,male,17,313.71 ,17.93 ,1, $296.14 ,17.57 ,45.6,0.944,action,0,0,1,0
419,female,9,66.09 ,7.31 ,0, $24.76 ,41.33 ,85.5,0.375,romance,0,0,0,1
420,male,19,298.59 ,16.07 ,1, $98.19 ,200.40 ,29.5,0.329,action,0,0,1,0
421,male,6,52.63 ,9.45 ,1, $35.15 ,17.48 ,75.8,0.668,drama,1,0,0,0
422,male,8,83.52 ,10.34 ,1, $50.52 ,33.00 ,73.2,0.605,comedy,0,1,0,0
423,male,12,189.59 ,15.62 ,0, $87.43 ,102.16 ,35.7,0.461,drama,1,0,0,0
424,male,17,206.39 ,12.05 ,0, $119.29 ,87.10 ,72.1,0.578,drama,1,0,0,0
425,female,20,100.20 ,4.93 ,0, $45.85 ,54.35 ,80.6,0.458,drama,1,0,0,0
426,female,15,260.10 ,17.36 ,1, $145.17 ,114.93 ,54.5,0.558,comedy,0,1,0,0
427,male,20,343.89 ,16.83 ,1, $261.66 ,82.23 ,33.4,0.761,drama,1,0,0,0
428,female,9,103.35 ,11.65 ,0, $61.15 ,42.20 ,72.7,0.592,comedy,0,1,0,0
429,male,20,213.85 ,10.83 ,0, $51.10 ,162.75 ,77.5,0.239,comedy,0,1,0,0
430,male,12,104.00 ,8.48 ,0, $91.78 ,12.22 ,88.1,0.882,action,0,0,1,0
431,female,20,297.37 ,14.85 ,1, $227.58 ,69.79 ,80.2,0.765,romance,0,0,0,1
432,male,29,305.83 ,10.53 ,0, $63.72 ,242.11 ,80.4,0.208,comedy,0,1,0,0
433,female,18,101.05 ,5.54 ,1, $75.33 ,25.72 ,78.5,0.745,drama,1,0,0,0
434,male,17,224.79 ,13.18 ,1, $104.28 ,120.51 ,67.4,0.464,drama,1,0,0,0
435,female,15,204.41 ,13.54 ,1, $144.89 ,59.53 ,77.6,0.709,romance,0,0,0,1
436,male,16,149.69 ,9.53 ,0, $33.47 ,116.22 ,71.2,0.224,comedy,0,1,0,0
437,male,11,178.09 ,16.19 ,1, $61.71 ,116.38 ,61.7,0.347,action,0,0,1,0
438,male,8,66.50 ,8.63 ,0, $16.08 ,50.42 ,52.9,0.242,romance,0,0,0,1
439,male,19,294.14 ,15.23 ,1, $215.09 ,79.06 ,51.2,0.731,comedy,0,1,0,0
440,female,13,280.21 ,20.81 ,1, $101.71 ,178.50 ,50.2,0.363,drama,1,0,0,0
441,female,17,214.27 ,12.82 ,0, $61.33 ,152.93 ,57.6,0.286,comedy,0,1,0,0
442,male,13,214.47 ,16.38 ,1, $74.66 ,139.82 ,47.9,0.348,action,0,0,1,0
443,male,17,214.62 ,12.79 ,1, $106.91 ,107.71 ,68.9,0.498,comedy,0,1,0,0
444,female,13,165.91 ,13.02 ,0, $49.11 ,116.80 ,58.4,0.296,romance,0,0,0,1
445,male,11,130.71 ,11.55 ,1, $103.87 ,26.84 ,81.8,0.795,action,0,0,1,0
446,male,21,297.16 ,14.14 ,1, $173.05 ,124.11 ,72.3,0.582,action,0,0,1,0
447,male,24,306.05 ,12.91 ,0, $69.73 ,236.32 ,50.6,0.228,action,0,0,1,0
448,female,15,213.61 ,14.19 ,0, $81.11 ,132.50 ,63.5,0.380,comedy,0,1,0,0
449,female,21,268.15 ,12.72 ,0, $86.87 ,181.29 ,60.3,0.324,romance,0,0,0,1
450,male,13,99.62 ,7.84 ,0, $78.89 ,20.74 ,90.2,0.792,action,0,0,1,0
451,female,13,218.85 ,16.39 ,1, $122.97 ,95.89 ,35.6,0.562,action,0,0,1,0
452,female,17,152.32 ,8.82 ,0, $98.71 ,53.61 ,75.0,0.648,romance,0,0,0,1
453,male,17,313.71 ,17.93 ,1, $296.14 ,17.57 ,45.6,0.944,action,0,0,1,0
454,female,9,66.09 ,7.31 ,0, $24.76 ,41.33 ,85.5,0.375,romance,0,0,0,1
455,male,19,298.59 ,16.07 ,1, $98.19 ,200.40 ,29.5,0.329,action,0,0,1,0
456,male,6,52.63 ,9.45 ,1, $35.15 ,17.48 ,75.8,0.668,drama,1,0,0,0
457,male,8,83.52 ,10.34 ,1, $50.52 ,33.00 ,73.2,0.605,comedy,0,1,0,0
458,male,12,189.59 ,15.62 ,0, $87.43 ,102.16 ,35.7,0.461,drama,1,0,0,0
459,male,17,206.39 ,12.05 ,0, $119.29 ,87.10 ,72.1,0.578,drama,1,0,0,0
460,female,20,100.20 ,4.93 ,0, $45.85 ,54.35 ,80.6,0.458,drama,1,0,0,0
461,female,15,260.10 ,17.36 ,1, $145.17 ,114.93 ,54.5,0.558,comedy,0,1,0,0
462,male,20,343.89 ,16.83 ,1, $261.66 ,82.23 ,33.4,0.761,drama,1,0,0,0
463,female,9,103.35 ,11.65 ,0, $61.15 ,42.20 ,72.7,0.592,comedy,0,1,0,0
464,male,20,213.85 ,10.83 ,0, $51.10 ,162.75 ,77.5,0.239,comedy,0,1,0,0
465,male,12,104.00 ,8.48 ,0, $91.78 ,12.22 ,88.1,0.882,action,0,0,1,0
466,female,20,297.37 ,14.85 ,1, $227.58 ,69.79 ,80.2,0.765,romance,0,0,0,1
467,male,29,305.83 ,10.53 ,0, $63.72 ,242.11 ,80.4,0.208,comedy,0,1,0,0
468,female,18,101.05 ,5.54 ,1, $75.33 ,25.72 ,78.5,0.745,drama,1,0,0,0
469,male,17,224.79 ,13.18 ,1, $104.28 ,120.51 ,67.4,0.464,drama,1,0,0,0
470,female,15,204.41 ,13.54 ,1, $144.89 ,59.53 ,77.6,0.709,romance,0,0,0,1
471,male,16,149.69 ,9.53 ,0, $33.47 ,116.22 ,71.2,0.224,comedy,0,1,0,0
472,male,11,178.09 ,16.19 ,1, $61.71 ,116.38 ,61.7,0.347,action,0,0,1,0
473,male,8,66.50 ,8.63 ,0, $16.08 ,50.42 ,52.9,0.242,romance,0,0,0,1
474,male,19,294.14 ,15.23 ,1, $215.09 ,79.06 ,51.2,0.731,comedy,0,1,0,0
475,female,13,280.21 ,20.81 ,1, $101.71 ,178.50 ,50.2,0.363,drama,1,0,0,0
476,female,17,214.27 ,12.82 ,0, $61.33 ,152.93 ,57.6,0.286,comedy,0,1,0,0
477,male,13,214.47 ,16.38 ,1, $74.66 ,139.82 ,47.9,0.348,action,0,0,1,0
478,male,17,214.62 ,12.79 ,1, $106.91 ,107.71 ,68.9,0.498,comedy,0,1,0,0
479,female,13,165.91 ,13.02 ,0, $49.11 ,116.80 ,58.4,0.296,romance,0,0,0,1
480,male,11,130.71 ,11.55 ,1, $103.87 ,26.84 ,81.8,0.795,action,0,0,1,0
481,male,21,297.16 ,14.14 ,1, $173.05 ,124.11 ,72.3,0.582,action,0,0,1,0
482,male,24,306.05 ,12.91 ,0, $69.73 ,236.32 ,50.6,0.228,action,0,0,1,0
483,female,15,213.61 ,14.19 ,0, $81.11 ,132.50 ,63.5,0.380,comedy,0,1,0,0
484,female,21,268.15 ,12.72 ,0, $86.87 ,181.29 ,60.3,0.324,romance,0,0,0,1
485,male,13,99.62 ,7.84 ,0, $78.89 ,20.74 ,90.2,0.792,action,0,0,1,0
486,female,13,218.85 ,16.39 ,1, $122.97 ,95.89 ,35.6,0.562,action,0,0,1,0
487,female,17,152.32 ,8.82 ,0, $98.71 ,53.61 ,75.0,0.648,romance,0,0,0,1
488,male,17,313.71 ,17.93 ,1, $296.14 ,17.57 ,45.6,0.944,action,0,0,1,0
489,female,9,66.09 ,7.31 ,0, $24.76 ,41.33 ,85.5,0.375,romance,0,0,0,1
490,male,19,298.59 ,16.07 ,1, $98.19 ,200.40 ,29.5,0.329,action,0,0,1,0
491,male,6,52.63 ,9.45 ,1, $35.15 ,17.48 ,75.8,0.668,drama,1,0,0,0
492,male,8,83.52 ,10.34 ,1, $50.52 ,33.00 ,73.2,0.605,comedy,0,1,0,0
493,male,12,189.59 ,15.62 ,0, $87.43 ,102.16 ,35.7,0.461,drama,1,0,0,0
494,male,17,206.39 ,12.05 ,0, $119.29 ,87.10 ,72.1,0.578,drama,1,0,0,0
495,female,20,100.20 ,4.93 ,0, $45.85 ,54.35 ,80.6,0.458,drama,1,0,0,0
496,female,15,260.10 ,17.36 ,1, $145.17 ,114.93 ,54.5,0.558,comedy,0,1,0,0
497,male,20,343.89 ,16.83 ,1, $261.66 ,82.23 ,33.4,0.761,drama,1,0,0,0
498,female,9,103.35 ,11.65 ,0, $61.15 ,42.20 ,72.7,0.592,comedy,0,1,0,0
499,male,20,213.85 ,10.83 ,0, $51.10 ,162.75 ,77.5,0.239,comedy,0,1,0,0
500,male,12,104.00 ,8.48 ,0, $91.78 ,12.22 ,88.1,0.882,action,0,0,1,0
501,female,20,297.37 ,14.85 ,1, $227.58 ,69.79 ,80.2,0.765,romance,0,0,0,1
502,male,29,305.83 ,10.53 ,0, $63.72 ,242.11 ,80.4,0.208,comedy,0,1,0,0
503,female,18,101.05 ,5.54 ,1, $75.33 ,25.72 ,78.5,0.745,drama,1,0,0,0
504,male,17,224.79 ,13.18 ,1, $104.28 ,120.51 ,67.4,0.464,drama,1,0,0,0
505,female,15,204.41 ,13.54 ,1, $144.89 ,59.53 ,77.6,0.709,romance,0,0,0,1
506,male,16,149.69 ,9.53 ,0, $33.47 ,116.22 ,71.2,0.224,comedy,0,1,0,0
507,male,11,178.09 ,16.19 ,1, $61.71 ,116.38 ,61.7,0.347,action,0,0,1,0
508,male,8,66.50 ,8.63 ,0, $16.08 ,50.42 ,52.9,0.242,romance,0,0,0,1
509,male,19,294.14 ,15.23 ,1, $215.09 ,79.06 ,51.2,0.731,comedy,0,1,0,0
510,female,13,280.21 ,20.81 ,1, $101.71 ,178.50 ,50.2,0.363,drama,1,0,0,0
511,female,17,214.27 ,12.82 ,0, $61.33 ,152.93 ,57.6,0.286,comedy,0,1,0,0
512,male,13,214.47 ,16.38 ,1, $74.66 ,139.82 ,47.9,0.348,action,0,0,1,0
513,male,17,214.62 ,12.79 ,1, $106.91 ,107.71 ,68.9,0.498,comedy,0,1,0,0
514,female,13,165.91 ,13.02 ,0, $49.11 ,116.80 ,58.4,0.296,romance,0,0,0,1
515,male,11,130.71 ,11.55 ,1, $103.87 ,26.84 ,81.8,0.795,action,0,0,1,0
516,male,21,297.16 ,14.14 ,1, $173.05 ,124.11 ,72.3,0.582,action,0,0,1,0
517,male,24,306.05 ,12.91 ,0, $69.73 ,236.32 ,50.6,0.228,action,0,0,1,0
518,female,15,213.61 ,14.19 ,0, $81.11 ,132.50 ,63.5,0.380,comedy,0,1,0,0
519,female,21,268.15 ,12.72 ,0, $86.87 ,181.29 ,60.3,0.324,romance,0,0,0,1
520,male,13,99.62 ,7.84 ,0, $78.89 ,20.74 ,90.2,0.792,action,0,0,1,0
521,female,13,218.85 ,16.39 ,1, $122.97 ,95.89 ,35.6,0.562,action,0,0,1,0
522,female,17,152.32 ,8.82 ,0, $98.71 ,53.61 ,75.0,0.648,romance,0,0,0,1
523,male,17,313.71 ,17.93 ,1, $296.14 ,17.57 ,45.6,0.944,action,0,0,1,0
524,female,9,66.09 ,7.31 ,0, $24.76 ,41.33 ,85.5,0.375,romance,0,0,0,1
525,male,19,298.59 ,16.07 ,1, $98.19 ,200.40 ,29.5,0.329,action,0,0,1,0
526,male,6,52.63 ,9.45 ,1, $35.15 ,17.48 ,75.8,0.668,drama,1,0,0,0
527,male,8,83.52 ,10.34 ,1, $50.52 ,33.00 ,73.2,0.605,comedy,0,1,0,0
528,male,12,189.59 ,15.62 ,0, $87.43 ,102.16 ,35.7,0.461,drama,1,0,0,0
529,male,17,206.39 ,12.05 ,0, $119.29 ,87.10 ,72.1,0.578,drama,1,0,0,0
530,female,20,100.20 ,4.93 ,0, $45.85 ,54.35 ,80.6,0.458,drama,1,0,0,0
531,female,15,260.10 ,17.36 ,1, $145.17 ,114.93 ,54.5,0.558,comedy,0,1,0,0
532,male,20,343.89 ,16.83 ,1, $261.66 ,82.23 ,33.4,0.761,drama,1,0,0,0
533,female,9,103.35 ,11.65 ,0, $61.15 ,42.20 ,72.7,0.592,comedy,0,1,0,0
534,male,20,213.85 ,10.83 ,0, $51.10 ,162.75 ,77.5,0.239,comedy,0,1,0,0
535,male,12,104.00 ,8.48 ,0, $91.78 ,12.22 ,88.1,0.882,action,0,0,1,0
536,female,20,297.37 ,14.85 ,1, $227.58 ,69.79 ,80.2,0.765,romance,0,0,0,1
537,male,29,305.83 ,10.53 ,0, $63.72 ,242.11 ,80.4,0.208,comedy,0,1,0,0
538,female,18,101.05 ,5.54 ,1, $75.33 ,25.72 ,78.5,0.745,drama,1,0,0,0
539,male,17,224.79 ,13.18 ,1, $104.28 ,120.51 ,67.4,0.464,drama,1,0,0,0
540,female,15,204.41 ,13.54 ,1, $144.89 ,59.53 ,77.6,0.709,romance,0,0,0,1
541,male,16,149.69 ,9.53 ,0, $33.47 ,116.22 ,71.2,0.224,comedy,0,1,0,0
542,male,11,178.09 ,16.19 ,1, $61.71 ,116.38 ,61.7,0.347,action,0,0,1,0
543,male,8,66.50 ,8.63 ,0, $16.08 ,50.42 ,52.9,0.242,romance,0,0,0,1
544,male,19,294.14 ,15.23 ,1, $215.09 ,79.06 ,51.2,0.731,comedy,0,1,0,0
545,female,13,280.21 ,20.81 ,1, $101.71 ,178.50 ,50.2,0.363,drama,1,0,0,0
546,female,17,214.27 ,12.82 ,0, $61.33 ,152.93 ,57.6,0.286,comedy,0,1,0,0
547,male,13,214.47 ,16.38 ,1, $74.66 ,139.82 ,47.9,0.348,action,0,0,1,0
548,male,17,214.62 ,12.79 ,1, $106.91 ,107.71 ,68.9,0.498,comedy,0,1,0,0
549,female,13,165.91 ,13.02 ,0, $49.11 ,116.80 ,58.4,0.296,romance,0,0,0,1
550,male,11,130.71 ,11.55 ,1, $103.87 ,26.84 ,81.8,0.795,action,0,0,1,0
551,male,21,297.16 ,14.14 ,1, $173.05 ,124.11 ,72.3,0.582,action,0,0,1,0
552,male,24,306.05 ,12.91 ,0, $69.73 ,236.32 ,50.6,0.228,action,0,0,1,0
553,female,15,213.61 ,14.19 ,0, $81.11 ,132.50 ,63.5,0.380,comedy,0,1,0,0
554,female,21,268.15 ,12.72 ,0, $86.87 ,181.29 ,60.3,0.324,romance,0,0,0,1
555,male,13,99.62 ,7.84 ,0, $78.89 ,20.74 ,90.2,0.792,action,0,0,1,0
556,female,13,218.85 ,16.39 ,1, $122.97 ,95.89 ,35.6,0.562,action,0,0,1,0
557,female,17,152.32 ,8.82 ,0, $98.71 ,53.61 ,75.0,0.648,romance,0,0,0,1
558,male,17,313.71 ,17.93 ,1, $296.14 ,17.57 ,45.6,0.944,action,0,0,1,0
559,female,9,66.09 ,7.31 ,0, $24.76 ,41.33 ,85.5,0.375,romance,0,0,0,1
560,male,19,298.59 ,16.07 ,1, $98.19 ,200.40 ,29.5,0.329,action,0,0,1,0
